Edad,Universidad,Especialidad,"En general, el taller le pareció",Fue mi primera vez abordando el tema,El contenido del taller fue entendible y didÃ¡ctico,El contenido del taller dialoga con los temas de mi curso,El expositor conoce el tema desarrollado,El expositor promueve un ambiente participativo y motivador,El expositor explica con claridad las consultas,"Por favor, agregue temas que sean de su interÃ©s para tratar en futuros talleres",Comentarios o sugerencias finales,Mediante el presente consentimiento acepto que las respuestas brindadas sean utilizadas Ãºnicamente por el CDI-LUM con la finalidad de mejorar la calidad del servicio brindado.
23,UNE,EducaciÃ³n BÃ¡sica Alternativa ,5,Sí,4,4,5,3,4,,,SÃ­
19,UNE,EducaciÃ³n fÃ­sica -Deportes ,5,Sí,5,5,5,5,5,PreservaciÃ³n y cuidado de la biodiversidad,"Siga asÃ­, inculcÃ¡ndonos informaciÃ³n y conciencia sobre los temas que se dan en nuestra realidad.",SÃ­
26,UNE,EducaciÃ³n basica alternativa-educacion primaria ,2,Sí,2,2,1,2,2,La pedagogÃ­a para los niÃ±os,Ninguno,SÃ­;No
28,UNE,EducaciÃ³n BÃ¡sica Alternativa - EducaciÃ³n Primaria,5,Sí,4,5,5,4,4,La historia del PerÃº.,La ponencia de hoy estuvo muy interesante.,SÃ­
30,UNE,EBA-EDUCACION PRIMARIA,5,No,5,5,5,5,5,CUANTAS POBREZAS PASAN LOS PUEBLIDOS QUE VIVEN LEJOS ,Me pareciÃ³ muy didÃ¡ctico y muy entendible me gusto mucho.,SÃ­
20,UNE,BÃ¡sica Alternativa - EducaciÃ³n Primaria ,5,Sí,5,4,4,4,4,Aborto y sus consecuencias ,me gusto el tema explicado ,SÃ­
19,UNE,EducaciÃ³n BÃ¡sica Alternativa- EducaciÃ³n Primaria,5,Sí,5,5,5,5,5,,Una clase muy clara y concisa ,SÃ­
18,UNE,EducaciÃ²n Basica Alternativa- EducaciÃ²n Primaria,5,Sí,5,5,5,5,5,"Acerca de la poblaciÃ³n en el PerÃº, en extrema pobreza",Â¡Excelente!,SÃ­
27,UNE,NiÃ±ez Temprana-Discapacidad Intelectual,5,Sí,5,5,5,5,5,La pobreza,que si es dinÃ¡mico al explicar  y que si se entendiÃ³,SÃ­
31,UNE,EBA,5,No,5,5,5,5,5,,Excelente,SÃ­
17,UNE,BÃ¡sica Alternativa- ED Primaria,5,Sí,5,5,5,5,5,,Todo bien,SÃ­
21,UNE,EducaciÃ³n bÃ¡sica Alternativa ,4,Sí,5,5,5,5,5,Sobre los huaycos ,,SÃ­
19,UNE,EducaciÃ³n BÃ¡sica Alternativa-EducaciÃ³n Primaria ,5,Sí,5,5,5,4,5,Las culturas ,Muy buena la informaciÃ³n brindada,SÃ­
22,UNE,EducaciÃ³n BÃ¡sica Alternativa- EducaciÃ³n Primaria,5,Sí,5,5,5,4,5,CÃ³mo la influencia del socialismo repercutiÃ³ el pensamiento de los terroristas que se fueron a extremos superiores matando personas?,Hubiera sido interesante si el ponente hubiera brindado referencias bibliogrÃ¡ficas del tema que expuso para poder ampliar mÃ¡s los conocimientos y hacer investigaciones,SÃ­
22,UNE,Educacion Primaria -Educacion Basica Alternativa,5,Sí,5,4,5,5,5,Unos temas que no se conocen ,Estupenda exposicion ,SÃ­
34,UNE,Ed. Inicial con Discapacidad Intelectual,4,No,5,5,5,5,5,violencia social,"Mis felicitaciones al expositor por el logro con su tesis, es de admiraciÃ³n y de claro ejemplo a seguir, espero pueda seguirnos brindando sus exposiciones tan explicitas en el tema, que sigan los Ã©xitos, bendiciones.",SÃ­
25,UNE,EducaciÃ³n BÃ¡sica Alternativa- EducaciÃ³n Primaria,5,Sí,5,5,5,5,5,"historia del Peru, Tahuantinsuyo hasta la actualidas","muy buena la exposiciÃ³n, necesitamos mas de exposiciones asÃ­ ,que nos llenen mas de conocimientos acerca de nuestro pais.",SÃ­
18,UNE,EducaciÃ³n BÃ¡sica Alternativa y EducaciÃ³n Primaria  ,4,Sí,4,4,4,4,4,Las especies en extinciÃ³n del mundo o como sera el mundo en unos 50 aÃ±os,Que aplien mejor los ppts para la prÃ³xima,SÃ­
18,UNE,PedagogÃ­a y cultura fÃ­sica,3,Sí,3,3,3,3,3,Dificultad de los jÃ³venes en el deporte ,,SÃ­
17,UNE,EducaciÃ³n Inicial-Discapacidad Intelectual ,5,Sí,5,5,5,5,5,GeomorfologÃ­a Peruana: Andes,PodrÃ­an agregar vÃ­deos ,SÃ­
26,UNE,Discapacidad Intelectual,4,No,3,3,5,4,4,,,SÃ­
21,UNE,Discapacidad intelectual,5,No,5,5,5,5,5,"EducaciÃ³n ambiental, cambios climÃ¡ticos, biodiversidad",,SÃ­
29,UNE,EducaciÃ³n BÃ¡sica Alternativa-EducaciÃ³n Primaria,5,Sí,4,5,5,5,5,,Fue un tema interesante sobre todo de la historia que dio a conocer de nuestro paÃ­s desacuerdo con los aÃ±os transcurridos.,SÃ­
18,UNE,Discapacidad intelectual ,5,Sí,4,4,4,4,4,Politica,_,SÃ­
19,UNE,EducaciÃ³n primaria,5,No,4,5,5,5,5,Las culturas,Ninguna,SÃ­
18,UNE,EducaciÃ³n primaria ,5,No,5,5,5,5,5,No se ,"Me gustÃ³, es bueno ampliar nuestros conocimientos y que mejor que este taller ",SÃ­
28,UNE,EducaciÃ³n Primaria  ,4,No,4,4,5,5,5,El Terrorismo y historia de los Presidentes del PerÃº,,SÃ­
25,UNE,EducaciÃ³n Primaria - EBA,5,Sí,5,5,5,5,5,La migraciÃ³n,Muy entendible la exposiciÃ³n.,SÃ­
19,UNE,EducaciÃ³n Primaria- EducaciÃ³n BÃ¡sica Alternativa,5,Sí,4,5,5,4,5,Terrorismo,,SÃ­
30,UNE,EducaciÃ³n Primaria y BÃ¡sica Alternativa,5,No,5,5,5,5,5,LA DEMOCRACIA,"Muy interesante el tema tratado por el ponente muy entendible y didÃ¡ctico, gracias.",SÃ­
21,UNE,EducaciÃ³n primaria,5,No,4,5,5,5,5,El oncenio de LeguÃ­a ,Muy buena presentaciÃ³n,SÃ­
18,UNE,EducaciÃ³n Primaria - EBA,5,Sí,4,5,5,4,4,La democracia en el PerÃº,estoy satisfecha con el taller que se dictÃ³ en mi clase,SÃ­
18,UNE,EducaciÃ³n Primaria,5,Sí,5,5,5,5,5,el terrorismo,estuvo muy buena su explicaciÃ³n,SÃ­
32,UNE,Educacion Inicial -discapacidad Intelectual,5,Sí,5,5,5,5,5,Implementacion de este tema en actividades con niÃ±os,Felicidades por tan gran trabajo y entrega ,SÃ­
19,UNE,EducaciÃ³n Inicial,5,Sí,4,4,4,4,5,,ninguno,SÃ­
55,UIGV,Ciencias Sociales,5,No,5,5,5,5,5,LA GUERRA INTERNA Y COMO TRATARLO EN LA ESCUELA ,SIGAN CON SUS PROYECTOS,SÃ­
34,UNMSM,Historia,5,No,5,5,5,5,5,Historia regional ,,SÃ­
29,UNE,Ciencias Sociales,5,Sí,5,5,5,5,5,Las consecuencias del conflicto armado interno,Muy bueno,SÃ­
48,Universidad Marcelino Champagnat,Ciencias sociales ,5,No,5,5,5,5,5,Terrorismo de Estaddo Garcia y Fujimorato ,Hacer mÃ¡s publicidad ,SÃ­
42,UNE,Historia y ciencias sociales,4,Sí,4,3,4,4,4,"gobierno de Velasco, los movimientos campesinos, el apra y el socialismo peruano",,SÃ­
27,UNSA,Periodismo,4,No,5,5,5,5,5,"Historia de la corrupciÃ³n en PerÃº, EstadÃ­stica, Indicadores de Desarrollo Humano",,SÃ­
47,UPCH,MATEMÃTICA,5,No,5,5,5,5,5,Fuentes: Fotografias y la bibliotecologÃ­a en investigaciÃ³n,,SÃ­
20,PUCP ,AntropologÃ­a ,5,No,5,5,5,5,5,Abusos por parte de las F.F.A.A,,SÃ­
18,PUCP,Contabilidad,4,Sí,4,4,5,4,4,,,SÃ­
18,PUCP,PsicologÃ­a,4,Sí,3,5,5,4,4,,,SÃ­
17,PUCP,ArqueologÃ­a ,5,No,5,5,5,5,5,Quizas el tema de contextualizaciÃ³n de la educaciÃ³n peruana.,"Me gusto la presentaciÃ³n, muy entendible y agradable",SÃ­
19,PUCP,geografÃ­a y medio ambiente,5,No,4,5,5,4,5,La metodologÃ­a que se aplicÃ³ post conflicto armado interno en la enseÃ±anza educativa ,,SÃ­
28,PUCP,PsicologÃ­a,5,No,5,5,5,4,5,,"Tal vez podrÃ­an utilizarse algunas plataformas participativas como mentimeter, padlet o jamboard para indagar sobre los conocimientos previos. ",SÃ­
18,UARM,PsicologÃ­a,4,Sí,4,5,5,4,4,,,SÃ­
27,UARM,EducaciÃ³n (secundaria),4,Sí,3,3,3,3,3,,,SÃ­
19,UARM,Economia y gestion ambiental,5,Sí,5,5,5,5,5,La historia de abimael gusman,Fuen entendible ,SÃ­
18,UARM ,Ciencias PolÃ­ticas ,4,No,4,4,4,4,4,"Actual coyuntura polÃ­tica, econÃ³mica en el paÃ­s basado en el pasado, quÃ© ideas se utilizan ahora que fueron vistas anteriormente, ideologÃ­as, posturas, representantes de tales ideas, la relaciÃ³n que se tienen con otros paÃ­ses latinoamericanos y amÃ©rica del norte (EE.UU) quÃ© impacto tienen sus acciones, etc.",,SÃ­
18,PUCP,Contabilidad,5,No,5,5,5,5,5,Comunidad LGBT+ y Conflicto Armado Interno,,SÃ­
19,UP,economia,4,No,2,4,5,4,4,,,SÃ­
21,UP,Negocios Internacionales,4,No,4,4,5,4,4,"Terrorismo, historia",,SÃ­
17,UP,SociologÃ­a,5,Sí,5,5,5,5,5,,,SÃ­
19,UP,IngenierÃ­a empresarial,5,Sí,5,5,5,5,5,,,SÃ­
18,UP,EconomÃ­a,4,No,5,5,5,4,5,,Tal vez incrementar participaciÃ³n. Todo estuvo interesante y buena exposiciÃ³n,SÃ­
18,UP,EconomÃ­a,4,No,3,4,4,4,3,Testimonios de personajes que participaron en el CAI (militares/senderistas/etc),,SÃ­
17,UP,EconomÃ­a,5,No,4,5,5,4,4,"Considero que la exposiciÃ³n fue muy completo, pero podrÃ­an agregar algunas dinÃ¡micas para fomentar la participaciÃ³n de los oyentes.",Me pareciÃ³ muy interesante y la informaciÃ³n expuesta fue clara ,SÃ­
18,UP,AdministraciÃ³n de empresas ,4,No,4,4,5,4,4,,,SÃ­
18,UP,Finanzas,4,No,5,4,5,5,5,Primeras apariciones del terrorismo.,,SÃ­
19,PUCP,Primaria ,4,No,4,5,5,4,5,Propuestas para hablar sobre el conflicto armado interno en educaciÃ³n primaria ,,SÃ­
20,PUCP,EducaciÃ³n Primaria,5,No,5,5,5,5,5,CÃ³mo repercutiÃ³ en la educaciÃ³n bÃ¡sica y universitaria,"Muchas gracias, fue una buena charla ",SÃ­
25,PUCP,EducaciÃ³n primaria,5,Sí,4,5,5,4,5,,,SÃ­
20,PUCP,EducaciÃ³n Primaria ,5,No,4,4,5,4,4,,,SÃ­
23,PUCP,EducaciÃ³n primaria ,5,No,4,5,5,5,5,La corrupciÃ³n ,"Tal vez ser mÃ¡s didÃ¡ctico, pero estuvo muy bien ",SÃ­
18,PUCP,EducaciÃ³n - Primaria ,4,No,3,3,4,3,3,Clases inclusivas,-,SÃ­
27,Pucp,EducaciÃ³n primaria,5,No,5,5,5,5,5,NiÃ±os abandonados en las calles que no cuentan con los derechos bÃ¡sicos,,SÃ­
18,PUCP,Primaria,4,No,3,4,4,3,4,Ã‰pocas de actos corruptos en el PerÃº,Que se inicie con una pregunta motivadora a los participantes y recoja ideas de sus saberes para sintetizadas en la informaciÃ³n que se darÃ¡ en el taller.,SÃ­
18,PUCP,Educacion Primaria ,4,No,4,5,5,4,5,,Fue bastante informativo y nos sirve para nuestra formacion cono docentes ,SÃ­
18,PUCP,Educacion Primaria,4,No,4,5,5,4,4,,,SÃ­
18,PUCP,Publicidad,4,No,4,5,5,3,3,,,SÃ­
20,PUCP,ComunicaciÃ³n audiovisual,5,No,5,5,5,5,5,,,SÃ­
19,PUCP,Estudios Generales Letras,4,Sí,2,4,5,3,4,,"Me hubiera gustado que su exposiciÃ³n no haya sido tan lineal, hubiera gustado mÃ¡s la participaciÃ³n e interacciÃ³n con el pÃºblico o usar una estrategia para no cansarnos. Pero el expositor fue bastante bueno en responder las preguntas de mis compaÃ±erxs y se notaba que sabÃ­a del tema.",SÃ­
18,PUCP,ComunicaciÃ³n para el desarrollo ,3,Sí,3,5,5,4,4,Sobre Fujimori,Me pareciÃ³ buena la charla,SÃ­
18,PUCP,ComunicaciÃ³n audiovisual,4,No,4,4,4,4,4,Los gobiernos actuales,DinÃ¡micas,SÃ­
21,PUCP,PsicologÃ­a,4,No,3,4,4,3,2,La psicologÃ­a como respuesta de toda relaciÃ³n interpersonal,,SÃ­
22,PUCP,LingÃ¼Ã­stica y Literatura,4,No,3,4,5,4,4,,,SÃ­
20,PUCP,PsicologÃ­a ,5,Sí,5,5,5,5,5,,,SÃ­
23,PUCP,Derecho ,4,No,5,5,5,4,5,,,SÃ­
18,PUCP,LingÃ¼Ã­stica y Literatura,5,No,5,5,5,5,5,,,SÃ­
23,PUCP,GestiÃ³n,4,No,4,4,5,3,4,,,SÃ­
20,PUCP,PsicologÃ­a,4,Sí,4,4,4,4,4,"DiscriminaciÃ³n en el campo laboral, abordar algÃºn conflicto armado de la sociedad",,SÃ­
18,UP,Administracion,4,No,5,5,5,4,5,,,SÃ­
20,UP,EconomÃ­a,5,No,4,4,4,4,4,,,SÃ­
18,UP,EconomÃ­a,4,Sí,4,5,5,5,5,Efectos del conflicto armado interno,,SÃ­
18,UP,Negocios Internacionales ,4,No,4,5,4,3,5,,,SÃ­
18,UP,EconomÃ­a,5,Sí,5,5,5,4,5,El papel del fujimorismo en el Terrorismo,"Todo estuvo perfecto, tal vez serÃ­a mejor si nos pudiera facilitar el PPT de lo expuesto.",SÃ­
17,UP,EconomÃ­a,5,Sí,5,5,5,5,5,,,SÃ­
18,UP,economia,4,Sí,3,4,4,3,4,,,SÃ­
18,UP,EconomÃ­a,4,Sí,3,4,5,2,3,Testimonio de personas ,Me gustarÃ­a que el taller sea mÃ¡s didÃ¡ctico,SÃ­
18,UP,AdministraciÃ³n,5,Sí,5,5,5,5,5,,,SÃ­
16,UP,EconomÃ­a,5,No,5,5,5,5,5,,Sugiero que se pueda realizar en 2 sesiones ya que el tiempo dado fue muy corto,SÃ­
17,UP,ECONOMIA,4,Sí,4,4,4,4,4,,,SÃ­
17,UP,EconomÃ­a,4,Sí,5,5,5,4,4,,Hacerlo un poco mÃ¡s participativo para mantener el enfoque de los estudiantes,SÃ­
17,UP,EconomÃ­a ,5,Sí,4,5,5,4,5,,"BuenÃ­sima la charla, ayuda con los conceptos que llevo en la clase de sociologÃ­a:) ",SÃ­
19,UP,EconomÃ­a,5,No,5,5,5,5,4,Â¿QuÃ© se sabe en la actualidad a cerca de SL o lo que queda de ella en las zonas del VRAEM en la actualidad?,,SÃ­
18,UP,Economia,5,No,5,5,5,5,5,-,Muy bueno,SÃ­
19,UP,EconomÃ­a,5,Sí,5,5,5,5,5,,Mostrar videos referentes a los temas explicados.,SÃ­
18,UP,Negocios Internacionales ,4,No,5,4,5,4,5,Captura de Abimael Guzman ,,SÃ­
17,UP,EconomÃ­a,5,No,5,5,5,5,5,"Consecuencias del conflicto armado interno en las minorÃ­as sociales.,","Me pareciÃ³ una excelente exposiciÃ³n, me ayudÃ³ a situar a los hechos histÃ³ricos en un panorama mÃ¡s grandes y ver cuÃ¡les son las causas de estos hechos.",SÃ­
17,UP,Conflicto armado interno-orÃ­genes,4,Sí,3,4,4,4,4,RelaciÃ³n sendero luminoso-MRTA,Ninguna por ahora,SÃ­
17,UP,EconomÃ­a,4,Sí,4,4,4,4,5,La respuestas del Estado frente al terrorismo,"Muy interesante, abordar estos temas que tal vez no se hablan mucho, pero que es importante entender nuestra historia para que no vuelva a suceder estos hechos.",SÃ­
17,UP,EconomÃ­a,4,Sí,4,4,4,3,4,Comienzo de la emancipaciÃ³n,"calcular el tiempo de ponencia mÃ¡x. de 2 horas, en caso sea presentada a un salÃ³n de clase.",SÃ­
17,UP,negocios internacionales,4,Sí,3,5,4,3,4,,podria hacer la presentacion mas divertida ,SÃ­
17,UP,AdministraciÃ³n,3,Sí,3,4,5,3,3,,,SÃ­
18,UP,Negocios Internacionales ,5,No,5,5,5,3,4,Activistas ambientales en nuestro paÃ­s,Me gusto mucho el taller,SÃ­
18,UP,IngenierÃ­a Empresarial,5,No,5,5,5,4,5,,,SÃ­
20,UP,Negocios Internacionales,4,No,5,5,5,5,5,El rol de la mujer durante la Ã©poca del conflicto armado interno,,SÃ­
17,UP,AdministraciÃ³n de empresas,3,No,4,3,5,4,4,,"Muy buen taller, podrÃ­a ser mÃ¡s interactivo. Con algÃºn cuestionario final o algo.",SÃ­
17,UP,AdministraciÃ³n,3,No,4,4,5,2,4,,,SÃ­
17,UP,AdministraciÃ³n de Empresas,5,No,5,5,5,5,5,,Me pareciÃ³ genial la visita virtual,SÃ­
17,UP,Economia,3,No,2,4,4,4,2,.,"Tiene que ser mas fluido , hay momentos en las cuales no se le entiende al expositor .",SÃ­
17,UP,IngenierÃ­a Empresarial,5,Sí,4,5,5,5,4,El conflicto armado y las localidades lejanas. ,"Me gusto mucho este taller porque estos temas son muy poco explicados, ademÃ¡s que promueve las visitas al LUM. ",SÃ­
18,UP,Estudiante de Marketing,3,No,3,5,5,3,5,Maneras en las que el gobierno quiere evitar una repeticiÃ³n de lo que sucediÃ³ ,Hacer un poco mÃ¡s interactivas la presentaciÃ³n ,SÃ­
27,UP,EconomÃ­a,5,No,5,5,5,5,5,La relaciÃ³n entre la reforma agraria y el conflicto armado,"Me gusto demasiado el taller, espero que se pueda extender a colegios.",SÃ­
18,UP,Finanzas,4,No,4,4,4,4,4,"Me pareciÃ³ muy completo el taller, los temas estaban muy bien.",,SÃ­
18,UP,Negocios Internacionales,5,No,4,5,5,3,4,Violencia hacia las mujeres,,SÃ­
19,UP,AdministraciÃ³n,5,Sí,5,5,5,5,5,,,SÃ­
18,UP,Admin,5,No,5,5,5,5,5,,Muy bueno concientizar esto a la sociedad peruana gracias :),SÃ­
18,UP,Derecho ,5,No,5,5,5,5,5,DISCRIMINACIÃ“N HACIA LOS PUEBLOS INDÃGENAS ,TODO bien ,SÃ­
17,UP,Neg. Internacionales,4,No,5,5,5,5,5,sobre temas actuales para concientizar a muchos jÃ³venes,Que todo estuvo muy bueno y entendible,SÃ­
17,UP,Negocios internacionales,5,Sí,4,5,5,5,5,,Muchas gracias por el taller brindado.,SÃ­
18,UP,Negocios Internacionales,4,No,4,5,5,3,4,,Me gusto mucho la presentaciÃ³n brindado pero quizÃ¡s podrÃ­a ser un poco mÃ¡s didÃ¡ctica. ,SÃ­
17,UP,Contabilidad ,5,No,4,5,5,4,4,,,SÃ­
17,UP,violencia en el perÃº,5,Sí,5,5,5,5,5,,,SÃ­
20,Universidad del Rosario,Periodismo y OpiniÃ³n PÃºblica,5,Sí,5,5,5,5,5,,,SÃ­
24,Universidad del Rosario,AntropologÃ­a,5,No,5,5,5,5,5,Ã‰poca del caucho ,,SÃ­
21,Universidad del Rosario,Derecho,5,Sí,5,5,5,5,5,,"Gran exposiciÃ³n sobre las funciones, trabajo e importancia del LUM. Me pareciÃ³ muy completa y clara, tambiÃ©n me gustÃ³ mucho que explicara el contexto histÃ³rico pues al ser colombiana no conocÃ­a muchos detalles que son relevantes para entender mejor el trabajo del LUM. Â¡Felicitaciones!",SÃ­
36,Universidad del Rosario,Historia,5,No,5,5,5,5,5,,,SÃ­
20,Universidad del Rosario,AntropologÃ­a,5,Sí,5,5,5,5,5,Ese tema es interesante,"Increible la exposiciÃ³n, muchas gracias",SÃ­
20,Universidad del Rosario ,AntropologÃ­a ,4,Sí,4,4,5,4,4,,,SÃ­
17,UARM,AdministraciÃ³n ,5,Sí,5,5,5,5,5,,Me pareciÃ³ muy interesante todo lo expuesto.,SÃ­
18,UARM,IngenierÃ­a Industrial ,5,Sí,4,5,5,4,5,La Ã©poca del guano,NingÃºn comentario o sugerencia,SÃ­
23,UARM,EducaciÃ³n inicial ,5,No,5,5,5,5,5,,,SÃ­
23,UARM,PsicologÃ­a,4,No,5,5,5,5,5,La reconstrucciÃ³n de la memoria de manera especÃ­fica,"Es algo muy bueno que ofrezcan estos talleres, ojalÃ¡ muchas personas lo puedan llegar a aprovechar ",SÃ­
22,UARM,PsicologÃ­a,5,No,5,5,5,5,5,Acerca de las guerrillas que se dieron alrededor de los aÃ±os 60,Me pareciÃ³ interesante el tema ,SÃ­
23,UARM,Lengua y Literatura,5,Sí,4,5,5,4,3,,,SÃ­
19,UARM,Derecho,4,Sí,4,4,5,4,4,,,SÃ­
20,UARM,PsicologÃ­a,4,No,4,5,4,4,3,MRTA,PodrÃ­a hacerse un ppt mÃ¡s llamativo o con contenido audiovisual ,SÃ­
17,UARM,AdministraciÃ³n,5,No,5,5,5,5,5,,,SÃ­
18,UARM,Derecho,5,No,4,5,5,5,5,,,SÃ­
19,UARM,Derecho,5,Sí,4,4,5,4,4,Explicar un poco mÃ¡s sobre la actualidad,Muy buena exposiciÃ³n,SÃ­
22,UARM,PsicologÃ­a ,5,No,5,5,5,5,5,,,SÃ­
18,UARM,AdministraciÃ³n ,5,Sí,5,5,5,5,4,Me encantaria que traten las diferencias de los movimientos  guerilleros  y terrorismo ,"La informacion bridada me fue de gran utilidad, ya que me permitio conocer los acontecimientos que sucedio en aquel aÃ±o ",SÃ­
22,UARM,PsicologÃ­a ,5,No,5,5,5,5,5,Comunidad lgtb durante el periodo de violencia,"Gracias por un espacio necesario, Ãºtil y reflexivo.",SÃ­
33,UARM,Educacion,5,Sí,5,5,5,5,5,La captura de abimael,Todo muy bien,SÃ­
18,UARM,Derecho,5,No,5,5,5,5,3,Estado actual de las vÃ­ctimas del conflicto armado interno o Ã©poca del terrorismo en el PerÃº. CÃ³mo se puede abordar el tema desde la polÃ­tica con el fin de no politizar el tema del terrorismo.,"Compartir las diapositivas, me parecieron muy didÃ¡cticas para compartirlas con otros pÃºblicos como familia, amigos, etc.",SÃ­
28,UARM,EducaciÃ³n Inicial ,5,No,5,5,5,5,5,,,SÃ­
20,UARM,Periodismo,5,Sí,5,5,5,5,5,,,SÃ­
18,UARM,Periodismo ,5,Sí,5,5,5,5,5,,,SÃ­
22,UARM,Escuela de psicologÃ­a ,5,No,5,5,5,5,5,,,SÃ­
33,UARM,EducaciÃ³n ,5,Sí,5,5,5,5,5,El arte en la dÃ©cada del terrorismo ,,SÃ­
17,UARM,AdministraciÃ³n ,5,Sí,4,5,5,5,5,,Muy buena presentaciÃ³n,SÃ­
19,UARM,Derecho,5,No,5,5,5,5,5,,,SÃ­
21,Universidad del Rosario,AntropologÃ­a,5,Sí,5,5,5,5,5,,,SÃ­
21,Universidad del Rosario,Periodismo y OpiniÃ³n PÃºblica,5,Sí,5,5,5,5,5,,,SÃ­
18,UNE,EducaciÃ³n artÃ­stica- teatro,4,No,4,4,5,5,5,Temas pedagÃ³gicos mÃ¡s actualizados y que empatice con nuestra especialidad.,Muy buena didÃ¡ctica por parte de la docente al traer invitados y que nos expandan sus conocimientos y vivencias.,SÃ­
19,UNE,ArtÃ­stica  y Teatro ,5,Sí,5,5,5,5,5,,,SÃ­
19,UNE,EducaciÃ³n artÃ­stica - Teatro,5,No,5,5,5,5,5,"La revoluciÃ³n industrial, la guerra frÃ­a, el hombre a travÃ©s del tiempo.",,SÃ­
18,UNE,EducaciÃ³n ArtÃ­stica- Teatro,5,No,5,5,5,5,5,"Los derechos y valor en la mujer, feminicidios y la valoraciÃ³n de la mujer en el PerÃº. Historia que tenga que ver la valoraciÃ³n de la mujer en voz y voto.",5mentarios. ,SÃ­
20,UNE,EducaciÃ³n ArtÃ­stica - Teatro ,5,No,5,5,5,4,5,Justicia  y Derecho Internacional.,,SÃ­
20,UNE,EducaciÃ³n artÃ­stica Teatro,3,Sí,5,4,5,4,5,Historia del PerÃº,Me gustÃ³ ,SÃ­
30,UNE,Ciencia sociales- EducaciÃ³n ArtÃ­stica de Teatro,4,Sí,4,5,4,4,4,Me gustarÃ­a que hable claramente los temas.,Me Encanto sobre sus temas.,SÃ­
24,UNE,Teatro,5,No,5,5,5,5,5,,,SÃ­
18,UNE,EducaciÃ³n artÃ­stica y teatro ,4,Sí,4,5,5,5,5,TECNICA DE LA VOZ,Excelente ,SÃ­
38,UNE,Artes plÃ¡sticas,5,No,5,5,4,5,5,El problemas de los parias en nuestro paÃ­s ,Falto tocar el tema de la cantuta,SÃ­
29,UNE,EducaciÃ³n artÃ­stica - MÃºsica ,5,Sí,5,5,5,5,5,,,SÃ­
21,UNE,Artes plÃ¡stica ,5,Sí,5,5,5,5,5,,,SÃ­
24,UNE,EducaciÃ³n ArtÃ­stica con especialidad en Artes PlÃ¡sticas,5,Sí,5,5,5,5,4,"La inflaciÃ³n en el PerÃº, El terrorismo en el PerÃº,","Me gusto mucho la manera de su exposiciÃ³n del tema, fue dado de una menera muy clara y entendible con ejemplos buenos y fÃ¡ciles de entender, gracias.",SÃ­
20,UNE,Artes plÃ¡sticas,5,Sí,5,4,5,5,5,,Muy bueno,SÃ­
30,UNE,EDU. ARTÃSTICA- MÃšSICA ,4,Sí,4,5,5,4,4,HISTORIA Y DESARROLLO DE LA MÃšSICA EN EL PERÃš,Gracias.,SÃ­
24,UNE,EDUCACIÃ“N ARTÃSTICA - MÃšSICA,3,Sí,4,3,4,3,4,,,SÃ­
28,UNE,Artes - PlÃ¡sticas,5,Sí,5,5,5,4,5,"El turismo, la educaciÃ³n en tiempos de pandemia",Una buena exposiciÃ³n de temas que todo peruano debe tener conocimiento y que nos va llevar a tener en claro los propÃ³sitos que queremos y podemos mejorar para el PerÃº fel futuro,SÃ­
20,UNE,Artes plasticas,5,Sí,4,5,5,5,5,  De la universidad  y otros,Si,SÃ­
24,UNE,Musica,5,Sí,5,5,5,5,5,Sobre la realidad que atraviesa el peru respecto a la economia que hacer frente ante este problema,Me agrado ssber sobre cuando se incio la migraciÃ³n a la capital los aspectos de pobreza que de vivia en esa epoca lo duro que tuvi que vivir las personas y pese a ello tratar de salir adelante frente a los obstÃ¡culos recurrir a una salida una esperanza y ganas de optimismo para obtener resultados buenos,SÃ­
18,UNE,Artes plÃ¡sticas ,5,No,4,5,5,4,5,educaciÃ³n y cultura ,me parecio muy comprenvible y didactico,SÃ­
19,UNE,EducaciÃ³n ArtÃ­stica - Artes PlÃ¡sticas,5,No,5,4,5,5,5,,,SÃ­
20,UNE,EducaciÃ³n ArtÃ­stica - Artes PlÃ¡sticas ,5,Sí,5,5,5,5,5,La corrupciÃ³n en el PerÃº durante la pandemia.,Muy buena exposiciÃ³n porque el exponente conocÃ­a del tema a profundidad y pude estar segura que la informaciÃ³n brindada es de buena fuente.,SÃ­
35,UNE,Artes plasticas ,4,Sí,3,3,3,3,3,,,SÃ­
22,UNE,Artes plÃ¡sticas ,4,Sí,4,4,4,4,4,Autoestima ,,SÃ­
21,UNE,EducaciÃ³n ArtÃ­stica-MÃºsica,5,Sí,5,5,5,5,5,,,SÃ­
21,UNE,EducaciÃ³n ArtÃ­stica - MÃºsica,5,Sí,5,5,5,5,5,Centralismo en el PerÃº,,SÃ­
18,UNE,Arte-Musica,5,Sí,4,3,5,4,4,Ninguno,Ninguno,SÃ­
34,UNE,MÃºsica ,3,Sí,3,3,2,2,3,Sobre metodologÃ­a de pscomotricidad.,Fue algo loable la charla y muy fortuita.,SÃ­
20,UNE,EducaciÃ³n ArtÃ­stica Artes -PlÃ¡sticas   ,4,No,5,4,5,5,5,,,SÃ­
18,UNE,EducaciÃ³n ArtÃ­stica-Artes PlÃ¡sticas,4,No,4,5,5,5,5,Feminismo en el PerÃº ,Me gustÃ³ mucho el taller y espero poder ir al LUM algÃºn dÃ­a. ,SÃ­
19,UNE,EducaciÃ³n ArtÃ­stica - Artes PlÃ¡sticas,5,Sí,5,5,5,5,5,Sendero luminoso ,Fue muy claro y preciso la informaciÃ³n ,SÃ­
21,UNE,Especialidad de Arte y MÃºsica,4,Sí,3,3,3,3,3,La migraciÃ³n peruana,Ninguno,SÃ­
24,UNE,NiÃ±es temprana,5,No,4,5,5,4,5,Corrupcion en el peru,Todo fue entendible y dinÃ¡mico,SÃ­
18,UNE,EducaciÃ³n artÃ­stica - Artes PlÃ¡sticas,5,Sí,4,5,5,4,5,,,SÃ­
22,UNMSM,SociologÃ­a,4,Sí,4,4,5,4,4,Desarrollo de las identidades respecto a la memoria colectiva.,,SÃ­
28,UNMSM,SociologÃ­a,5,No,4,3,5,4,4,"CÃ³mo Velasco, al centralizar el Estado, favoreciÃ³ el fortalecimiento de las Ã©lites radicales como Sendero  ",,SÃ­
22,UNMSM,SociologÃ­a,4,No,4,4,5,5,4,,,SÃ­
21,UNMSM,SociologÃ­a,5,Sí,5,5,5,5,5,,,SÃ­
